ID,First Seen,Last Seen
146-99,2025-04-19 18:08:12,2025-04-19 18:08:12
144-98,2025-04-19 18:08:12,2025-04-19 18:08:12
149-103,2025-04-19 18:08:12,2025-04-19 18:08:13
151-108,2025-04-19 18:08:12,2025-04-19 18:08:12
151-95,2025-04-19 18:08:12,2025-04-19 18:08:12
146-95,2025-04-19 18:08:13,2025-04-19 18:08:13
137-109,2025-04-19 18:08:13,2025-04-19 18:08:13
141-99,2025-04-19 18:08:13,2025-04-19 18:08:13
148-99,2025-04-19 18:08:13,2025-04-19 18:08:13
149-97,2025-04-19 18:08:13,2025-04-19 18:08:13
147-102,2025-04-19 18:08:13,2025-04-19 18:08:13
72-106,2025-04-19 18:08:14,2025-04-19 18:08:14
357-252,2025-04-19 18:08:14,2025-04-19 18:08:14
269-119,2025-04-19 18:08:15,2025-04-19 18:08:15
254-117,2025-04-19 18:08:15,2025-04-19 18:08:15
245-114,2025-04-19 18:08:15,2025-04-19 18:08:15
237-119,2025-04-19 18:08:15,2025-04-19 18:08:15
234-120,2025-04-19 18:08:15,2025-04-19 18:08:15
342-207,2025-04-19 18:08:15,2025-04-19 18:08:15
345-202,2025-04-19 18:08:15,2025-04-19 18:08:15
231-119,2025-04-19 18:08:15,2025-04-19 18:08:15
113-125,2025-04-19 18:08:17,2025-04-19 18:08:17
253-201,2025-04-19 18:08:17,2025-04-19 18:08:17
70-230,2025-04-19 18:08:17,2025-04-19 18:08:17
596-53,2025-04-19 18:08:39,2025-04-19 18:08:39
610-33,2025-04-19 18:08:40,2025-04-19 18:08:40
558-54,2025-04-19 18:08:40,2025-04-19 18:08:40
495-51,2025-04-19 18:08:40,2025-04-19 18:08:40
471-41,2025-04-19 18:08:41,2025-04-19 18:08:41
205-32,2025-04-19 18:08:52,2025-04-19 18:08:52
173-43,2025-04-19 18:08:53,2025-04-19 18:08:53
194-76,2025-04-19 18:08:53,2025-04-19 18:08:53
182-168,2025-04-19 18:08:53,2025-04-19 18:08:53
160-187,2025-04-19 18:08:53,2025-04-19 18:08:53
142-195,2025-04-19 18:08:53,2025-04-19 18:08:53
132-196,2025-04-19 18:08:53,2025-04-19 18:08:53
135-219,2025-04-19 18:08:53,2025-04-19 18:08:53
132-243,2025-04-19 18:08:53,2025-04-19 18:08:53
132-251,2025-04-19 18:08:53,2025-04-19 18:08:53
132-284,2025-04-19 18:08:54,2025-04-19 18:08:54
132-288,2025-04-19 18:08:54,2025-04-19 18:08:54
210-471,2025-04-19 18:08:54,2025-04-19 18:08:54
143-273,2025-04-19 18:08:54,2025-04-19 18:08:54
121-273,2025-04-19 18:08:56,2025-04-19 18:08:56
584-420,2025-04-19 18:08:56,2025-04-19 18:08:56
560-249,2025-04-19 18:08:56,2025-04-19 18:08:56
555-221,2025-04-19 18:08:56,2025-04-19 18:08:56
519-407,2025-04-19 18:08:56,2025-04-19 18:08:56
456-189,2025-04-19 18:08:56,2025-04-19 18:08:56
374-163,2025-04-19 18:08:56,2025-04-19 18:08:56
322-195,2025-04-19 18:08:56,2025-04-19 18:08:56
407-395,2025-04-19 18:08:56,2025-04-19 18:08:56
379-404,2025-04-19 18:08:56,2025-04-19 18:08:56
285-192,2025-04-19 18:08:56,2025-04-19 18:08:56
353-407,2025-04-19 18:08:57,2025-04-19 18:08:57
245-194,2025-04-19 18:08:57,2025-04-19 18:08:57
204-185,2025-04-19 18:08:57,2025-04-19 18:08:57
167-201,2025-04-19 18:08:57,2025-04-19 18:08:57
100-213,2025-04-19 18:08:57,2025-04-19 18:08:57
253-412,2025-04-19 18:08:57,2025-04-19 18:08:57
36-200,2025-04-19 18:08:57,2025-04-19 18:08:57
211-407,2025-04-19 18:08:57,2025-04-19 18:08:57
256-393,2025-04-19 18:08:57,2025-04-19 18:08:57
57-175,2025-04-19 18:08:57,2025-04-19 18:08:57
310-403,2025-04-19 18:08:57,2025-04-19 18:08:57
351-436,2025-04-19 18:08:57,2025-04-19 18:08:57
221-342,2025-04-19 18:08:58,2025-04-19 18:08:58
240-343,2025-04-19 18:08:58,2025-04-19 18:08:58
250-332,2025-04-19 18:08:58,2025-04-19 18:08:58
259-329,2025-04-19 18:08:58,2025-04-19 18:08:58
273-323,2025-04-19 18:08:58,2025-04-19 18:08:58
300-331,2025-04-19 18:08:58,2025-04-19 18:08:58
338-321,2025-04-19 18:08:58,2025-04-19 18:08:58
338-306,2025-04-19 18:08:58,2025-04-19 18:08:58
346-307,2025-04-19 18:08:58,2025-04-19 18:08:58
363-289,2025-04-19 18:08:58,2025-04-19 18:08:58
183-330,2025-04-19 18:08:59,2025-04-19 18:08:59
260-337,2025-04-19 18:08:59,2025-04-19 18:08:59
302-340,2025-04-19 18:08:59,2025-04-19 18:08:59
323-339,2025-04-19 18:08:59,2025-04-19 18:08:59
326-334,2025-04-19 18:09:00,2025-04-19 18:09:00
314-329,2025-04-19 18:09:00,2025-04-19 18:09:00
291-328,2025-04-19 18:09:00,2025-04-19 18:09:00
275-321,2025-04-19 18:09:00,2025-04-19 18:09:00
435-272,2025-04-19 18:09:01,2025-04-19 18:09:01
329-306,2025-04-19 18:09:01,2025-04-19 18:09:01
225-278,2025-04-19 18:09:01,2025-04-19 18:09:01
127-300,2025-04-19 18:09:01,2025-04-19 18:09:01
52-282,2025-04-19 18:09:01,2025-04-19 18:09:01
390-443,2025-04-19 18:09:02,2025-04-19 18:09:02
328-411,2025-04-19 18:09:02,2025-04-19 18:09:02
74-329,2025-04-19 18:09:04,2025-04-19 18:09:04
33-213,2025-04-19 18:09:04,2025-04-19 18:09:04
386-250,2025-04-19 18:09:05,2025-04-19 18:09:05
490-230,2025-04-19 18:09:05,2025-04-19 18:09:05
299-268,2025-04-19 18:09:05,2025-04-19 18:09:05
401-247,2025-04-19 18:09:05,2025-04-19 18:09:05
274-271,2025-04-19 18:09:05,2025-04-19 18:09:05
370-237,2025-04-19 18:09:05,2025-04-19 18:09:05
278-275,2025-04-19 18:09:05,2025-04-19 18:09:05
372-240,2025-04-19 18:09:05,2025-04-19 18:09:05
369-214,2025-04-19 18:09:05,2025-04-19 18:09:05
274-253,2025-04-19 18:09:06,2025-04-19 18:09:06
368-224,2025-04-19 18:09:06,2025-04-19 18:09:06
290-248,2025-04-19 18:09:06,2025-04-19 18:09:06
374-214,2025-04-19 18:09:06,2025-04-19 18:09:06
432-254,2025-04-19 18:09:06,2025-04-19 18:09:06
529-235,2025-04-19 18:09:06,2025-04-19 18:09:06
487-278,2025-04-19 18:09:06,2025-04-19 18:09:06
542-259,2025-04-19 18:09:06,2025-04-19 18:09:06
616-219,2025-04-19 18:09:06,2025-04-19 18:09:06
599-247,2025-04-19 18:09:06,2025-04-19 18:09:06
